source;target
0pp4_lee;tanyakanrl
0pp4_lee;tanyakanrl
0pp4_lee;tanyakanrl
arrahmah;arrahmah
arrahmah;arrahmah
arrahmah;arrahmah
KimKaaVhyung;convomfs
KimKaaVhyung;convomfs
KimKaaVhyung;convomfs
KimKaaVhyung;convomfs
Vickyone777;D4Rambe
Vickyone777;D4Rambe
Vickyone777;D4Rambe
Vickyone777;D4Rambe
Vickyone777;D4Rambe
Vickyone777;D4Rambe
Vickyone777;D4Rambe
Vickyone777;D4Rambe
Vickyone777;D4Rambe
Vickyone777;D4Rambe
Vickyone777;D4Rambe
Vickyone777;D4Rambe
Vickyone777;D4Rambe
Vickyone777;DeHoutman_id
Vickyone777;DeHoutman_id
Vickyone777;DeHoutman_id
Vickyone777;DeHoutman_id
Vickyone777;DeHoutman_id
Vickyone777;DeHoutman_id
Vickyone777;DeHoutman_id
Vickyone777;DeHoutman_id
Vickyone777;DeHoutman_id
Vickyone777;DeHoutman_id
Vickyone777;DeHoutman_id
Vickyone777;DeHoutman_id
Vickyone777;DeHoutman_id
Vickyone777;DeHoutman_id
Vickyone777;DeHoutman_id
Vickyone777;DeHoutman_id
Vickyone777;DeHoutman_id
Vickyone777;DeHoutman_id
Vickyone777;DeHoutman_id
Vickyone777;DeHoutman_id
Vickyone777;DeHoutman_id
Vickyone777;DeHoutman_id
Vickyone777;DeHoutman_id
Vickyone777;DeHoutman_id
Vickyone777;DeHoutman_id
Vickyone777;DeHoutman_id
Vickyone777;DeHoutman_id
Vickyone777;twmanado
Vickyone777;twmanado
Vickyone777;twmanado
Vickyone777;twmanado
Vickyone777;twmanado
Vickyone777;twmanado
Vickyone777;twmanado
Vickyone777;twmanado
Vickyone777;twmanado
Vickyone777;twmanado
Vickyone777;twmanado
RCB1racing;sahabatalaqsha
RCB1racing;sahabatalaqsha
RCB1racing;sahabatalaqsha
CherriesTaj;Marchfoward
CherriesTaj;Marchfoward
CherriesTaj;Marchfoward
CherriesTaj;Marchfoward
wargadepok2121;Arie_gin2
wargadepok2121;Arie_gin2
wargadepok2121;Arie_gin2
wargadepok2121;Arie_gin2
wargadepok2121;Arie_gin2
wargadepok2121;Arie_gin2
wargadepok2121;Arie_gin2
wargadepok2121;Arie_gin2
wargadepok2121;Arie_gin2
wargadepok2121;Arie_gin2
wargadepok2121;Arie_gin2
wargadepok2121;shininghero0
wargadepok2121;shininghero0
wargadepok2121;shininghero0
wargadepok2121;shininghero0
wargadepok2121;shininghero0
wargadepok2121;shininghero0
wargadepok2121;shininghero0
wargadepok2121;shininghero0
wargadepok2121;abadi_syaf61470
wargadepok2121;abadi_syaf61470
wargadepok2121;abadi_syaf61470
wargadepok2121;abadi_syaf61470
wargadepok2121;abadi_syaf61470
wargadepok2121;abadi_syaf61470
wargadepok2121;abadi_syaf61470
wargadepok2121;abadi_syaf61470
wargadepok2121;abadi_syaf61470
wargadepok2121;abadi_syaf61470
wargadepok2121;abadi_syaf61470
wargadepok2121;yo2thok
wargadepok2121;yo2thok
wargadepok2121;yo2thok
wargadepok2121;yo2thok
wargadepok2121;yo2thok
wargadepok2121;yo2thok
wargadepok2121;yo2thok
wargadepok2121;yo2thok
wargadepok2121;yo2thok
wargadepok2121;yo2thok
wargadepok2121;yo2thok
wargadepok2121;14LimaTiga
wargadepok2121;14LimaTiga
wargadepok2121;14LimaTiga
Amox1L1N;Al_amoana
Amox1L1N;Al_amoana
Amox1L1N;Al_amoana
Amox1L1N;diankrtn
Amox1L1N;diankrtn
Amox1L1N;diankrtn
Amox1L1N;diankrtn
Amox1L1N;DeHoutman_id
Amox1L1N;DeHoutman_id
Amox1L1N;DeHoutman_id
Amox1L1N;DeHoutman_id
twmanado;Vickyone777
twmanado;Vickyone777
twmanado;Vickyone777
twmanado;DeHoutman_id
twmanado;DeHoutman_id
twmanado;DeHoutman_id
InfaqPalestina;gmail
InfaqPalestina;gmail
InfaqPalestina;gmail
cl0vdyy_;convomfs
cl0vdyy_;convomfs
cl0vdyy_;convomfs
cl0vdyy_;convomfs
