created_at;id_str;full_text;quote_count;reply_count;retweet_count;favorite_count;lang;user_id_str;conversation_id_str;username;tweet_url
Fri Oct 13 23:59:48 +0000 2023;1712981492727685387;"@vanc1Bozz @Bharata_ja Biarkan Aja Mereka Bicara Apa.Mrk Kira Rakyat Palestina Disamakan Dengan Dia dan Golongannya.Justru Kematian SAHID Itulah Yg di Inginkan Rakyat Palestina.Memangnya Dia?,Dia dan Kaum Kafir Takut Mati,Krn Masih Menikmati Surga Mrk di Dunia Ini.Mrk Tak Sadar,Stlh Mati Mrk Mau Kemana";0;0;0;0;in;1630890442777841666;1712853529621401777;Irwansy96179363;https://twitter.com/Irwansy96179363/status/1712981492727685387
Fri Oct 13 23:59:35 +0000 2023;1712981440030474240;"@Tita83079013 Untuk membela Palestina tidak perlu menjadi Islam cukup jadi Manusia saja";0;0;0;0;in;247109400;1712682449430598026;aderalam;https://twitter.com/aderalam/status/1712981440030474240
Fri Oct 13 23:59:34 +0000 2023;1712981434796007787;"Kasian macron rakyatnya pro palestina dianya sendiri anti banget, terutama sama yg berbau islam. ğŸ¤£";0;0;0;0;in;3012252895;1712981434796007787;jwesxnx;https://twitter.com/jwesxnx/status/1712981434796007787
Fri Oct 13 23:59:12 +0000 2023;1712981345046347938;"@arifinpribadi @dina_sulaeman IsraHELL dibentuk oleh orang orang pendatang. Tell them to go back to Europe.  Mereka buka orang lokal Mereka pengungsi  Stop making tanah Palestina https://t.co/BZjZ4gbAis";0;0;0;1;in;186358875;1712725384490602985;Aryolejandro;https://twitter.com/Aryolejandro/status/1712981345046347938
Fri Oct 13 23:59:06 +0000 2023;1712981317548417304;"@muchlis_ar Mantan santri sok tau palestina dan hamas ğŸ˜†ğŸ˜†ğŸ˜";0;1;1;2;in;1280191033515470848;1712977759755276376;imibnuumar;https://twitter.com/imibnuumar/status/1712981317548417304
Fri Oct 13 23:59:03 +0000 2023;1712981305078738950;"Dulu pas belum paham kebutuhan hidup, cita2 jdi relawan di Palestina ğŸ˜… Kl sekarang, aku takut gak hidup kalo ninggal ibuk ku sendirian ğŸ™‚";0;0;0;0;in;1396069759;1712981305078738950;nshobah8;https://twitter.com/nshobah8/status/1712981305078738950
Fri Oct 13 23:58:43 +0000 2023;1712981222480384250;"Membayangkan pemerintah Indonesia jadi juru damai antara Palestina-Israel. Tidak hanya statement mengecam, mengutuk, bla bla bla blaaaa ğŸ¥±ğŸ¥±";0;0;0;0;in;300083622;1712981222480384250;b4yuw;https://twitter.com/b4yuw/status/1712981222480384250
Fri Oct 13 23:58:23 +0000 2023;1712981137264611360;"@hasyimmah Mgkn dr awal atau dulu antara palestina &amp  Israel cmn skrg Israel &amp  Hamas yg ga disukai oleh arab &amp  mesir krn sering bikin keributanâ€¦ kl ga mgkn semua arab mendukung &amp  mesir akan senang hati membuka border nya";0;0;0;0;in;2951418642;1712808953346941286;aquazeroxx;https://twitter.com/aquazeroxx/status/1712981137264611360
Fri Oct 13 23:58:19 +0000 2023;1712981122437767548;"Presiden Jokowi menjelaskan bahwa Pemerintah Indonesia tegas mendukung kemerdekaan Palestina.  â€œSekali lagi saya tegaskan komitmen Indonesia untuk terus mendukung perjuangan kemerdekaan Palestina,â€ kata Presiden  PAMALI DUSUN POCONG Gaza Gibran #crypto https://t.co/ODDAAWiZ3H";1;4;9;14;in;988378254;1712981122437767548;riegosee;https://twitter.com/riegosee/status/1712981122437767548
Fri Oct 13 23:58:08 +0000 2023;1712981074811482497;"@ABDULARIFTV1 @saidiman Karena saat itu palestina dibawah autoritas yordania. Jadi ente pikirkan kalau yordania yang sesama muslim saja tidak memberi KEMERDEKAKAN palestina termasuk ottoman.";0;0;0;1;in;1576122017891241984;1712650219341713518;brojong20;https://twitter.com/brojong20/status/1712981074811482497
Fri Oct 13 23:57:57 +0000 2023;1712981029848527011;"@Tita83079013 Inilah kegoblokan yahudi pesek pengkhianat bangsa indonesia. Dan pembela penjajah. Klo palestina kaya, negara islam manapun pasti dibantu. Exodus Yahudi akibat genocida Nazi aja ditampung &amp  diberi tanah utk tinggal secara gratis. tp mrk malah merebut tanah lbh luas dr palestina.";0;0;0;0;in;1028888694059483136;1712682449430598026;WillyRosiyandi;https://twitter.com/WillyRosiyandi/status/1712981029848527011
Fri Oct 13 23:57:50 +0000 2023;1712981000152887654;"@ManahanSianipa1 @dina_sulaeman Yg menjajah Palestina adalah orang orang EROPA  EROPA.  Mereka itu pendatang. Dan mencuri tanah Palestina https://t.co/WuusB9aUyP";0;0;0;0;in;186358875;1712725384490602985;Aryolejandro;https://twitter.com/Aryolejandro/status/1712981000152887654
Fri Oct 13 23:57:34 +0000 2023;1712980933182476413;"@tanyarlfes Ada, waktu itu pernah nonton rataÂ² pas ditanya konflik ini mereka juga sedih apa yang dilakuin negara mereka ke Palestina";0;0;0;0;in;811504439483764736;1712974939727556950;akusukagendar;https://twitter.com/akusukagendar/status/1712980933182476413
Fri Oct 13 23:57:19 +0000 2023;1712980871048011824;"Janji ALLAH itu Pastiâ˜ dan Tanah Palestina pasti MerdekaâœŠğŸ‡¯ğŸ‡´â¤ğŸ‡®ğŸ‡©  #FreePalestine  #FreePalestine https://t.co/9VTXeVPKI4";0;0;0;1;in;1603537926482145280;1712980871048011824;IwanIwanely72;https://twitter.com/IwanIwanely72/status/1712980871048011824
Fri Oct 13 23:57:01 +0000 2023;1712980794124427378;"@arkaatmaja7 @dipanagara @muchlis_ar Blm ada yg namanya Palestina tahun 1945. Mesir lah nrgara pertama yg mengakui kemerdekaan Indonesia.";0;1;0;5;in;2835754452;1712733946944098599;adi_hwang;https://twitter.com/adi_hwang/status/1712980794124427378
Fri Oct 13 23:57:00 +0000 2023;1712980789233881222;"Warga Chicago yg non muslim dan notabene pemerintahannya pendukung Israhell saja mau bergerak dukung kemerdekaan Palestina... _Lhaaaa masa bangsa kita  yg diklaim mayoritas muslim di dunia tapi adem ayem saudaranya dibantai oleh tentara Israhell....!!_ https://t.co/vgxy5M9JNr";0;0;0;0;in;1445946464954376199;1712980789233881222;oyen7393;https://twitter.com/oyen7393/status/1712980789233881222
Fri Oct 13 23:56:53 +0000 2023;1712980761274642710;"Doa untuk saudaraku mukmin Palestina #savepalestina https://t.co/qfOzF4mEqp";0;0;0;0;in;101743330;1712980761274642710;hafizh_ag;https://twitter.com/hafizh_ag/status/1712980761274642710
Fri Oct 13 23:56:50 +0000 2023;1712980745764110359;"@tanyarlfes Tuh para rabi Yahudi Ortodok pada dukung Palestina. Bbrapa demo jg dukung Palestina d Israel. Tp ya apa daya, pemerintahnya lebih berkuasa wkwk.. pun warga yg anti arab jg buanyaknya bukan maen, makanya syulit.";0;0;0;0;in;1708431963932196864;1712974939727556950;izaacmeowton;https://twitter.com/izaacmeowton/status/1712980745764110359
Fri Oct 13 23:56:44 +0000 2023;1712980723542708614;"Respon Perang di Palestina, Ustadz Adi Hidayat Anjurkan Perbanyak Doa Qunut Nazilah https://t.co/MEQHdCq7Zi";0;0;8;13;in;1226436091617505281;1712980723542708614;keuangannews_id;https://twitter.com/keuangannews_id/status/1712980723542708614
Fri Oct 13 23:56:27 +0000 2023;1712980651832643893;"Sehingga Wilayah &amp  Tanah Palestina..  Yerusalem.  Menjadi Sumbernya Konflik Ber Kepanjangan Hingga Akhir Zaman.   Karena AMBISIUS..   Politik ZIONIS.  Menggunakan isu Taurat.";0;0;0;0;in;1461824941305647105;1712980651832643893;Mulyawans07gma2;https://twitter.com/Mulyawans07gma2/status/1712980651832643893
Fri Oct 13 23:56:23 +0000 2023;1712980632593436797;"Risalah Syaikh Utsman bin Al Khamis untuk Pejuang Palestina via @arrahmah https://t.co/029AFQdS0h";0;0;15;28;in;43872781;1712980632593436797;arrahmah;https://twitter.com/arrahmah/status/1712980632593436797
Fri Oct 13 23:55:58 +0000 2023;1712980528918622255;"Umat Islam Solo Gelar Aksi Bela Palestina, Ustadz Abu Bakar Baâ€™asyir Turut Hadir Sampaikan Orasi via @arrahmah https://t.co/cea4z3IpQ1";0;0;34;110;in;43872781;1712980528918622255;arrahmah;https://twitter.com/arrahmah/status/1712980528918622255
Fri Oct 13 23:55:56 +0000 2023;1712980521452790143;"@zomet13 semua yang telah Engkau tetapkan adalah yang terbaik, berikanlah yang terbaik untuk saudara-saudara kami di Palestina, aamiin, aamiin yaa rabbal'aalamiin,";0;0;0;0;in;191070620;1712975999191982461;phrazz87;https://twitter.com/phrazz87/status/1712980521452790143
Fri Oct 13 23:55:52 +0000 2023;1712980503907946983;"ğŸ‡ªğŸ‡¬â™¥ï¸ğŸ‡µğŸ‡¸ Warga Mesir melintasi gurun pasir menuju Palestina utk membawa air, makanan, dan perbekalan bagi masyarakat Gaza. Warga Mesir yang baik hati ini tetap melakukan hal ini meskipun ada ancaman Israel &amp  pemboman sebelumnya di perbatasan Gaza-Mesir yg menewaskan beberapa orang. https://t.co/fH2YP5xqBc";136;288;2754;7685;in;2256063276;1712980503907946983;SoftWarNews;https://twitter.com/SoftWarNews/status/1712980503907946983
Fri Oct 13 23:55:51 +0000 2023;1712980498149208348;"@aryuno_ @zpab_ @kifli127 @neohistoria_id Selama politikus wakanda masi bersuara mendukung penyerangan hamas, itu artinya masyarakat wakanda masi banyak berfikir hamas mewakili palestina Karena sejatinya politikus itu bersuara hanya untuk mencari dukungan suara di pemilu nanti ğŸ˜‚ğŸ˜‚";0;0;0;0;in;985685557;1712642637566812634;imkrisnadwi;https://twitter.com/imkrisnadwi/status/1712980498149208348
Fri Oct 13 23:55:49 +0000 2023;1712980492117749828;"@dina_sulaeman Wanita syiah ini selalu jualan palestina...padahal sejatinya syiah yahudi saudara sekandung...";0;1;0;0;in;1125224467536310272;1712942816891134223;suleizdn;https://twitter.com/suleizdn/status/1712980492117749828
Fri Oct 13 23:55:33 +0000 2023;1712980423536746542;"JAUH SEBELUM HAMAS MEMBALAS MENDAHULUI MENYERANG KE WILAYAH ISRAEL. TGL.8 -10-2023. PENGUASA ZIONIS SUDAH MEMPERSIAPKAN BOM &amp  RUDAL YG SANGAT MEMATIKAN UNTUK RENCANS GENOCIDE RAKYAT PALESTINA DGN  MENYERANG DAERAH GAZA. Makanya didahului pasukan Milisi Hamas duluan.";0;0;2;4;in;1667233216091279363;1712980423536746542;Andria75777;https://twitter.com/Andria75777/status/1712980423536746542
Fri Oct 13 23:55:29 +0000 2023;1712980405706768578;"Dapatkah Anda melihat IRONInya?  Keberanian Israel yang terang-terangan, Palestina menerima pengungsi Yahudi dengan tangan terbuka &amp  Israel berterima kasih kepada Palestina dengan GENOSIDA.";0;0;0;0;in;1529084442899533824;1712980403487957494;mikirmedia;https://twitter.com/mikirmedia/status/1712980405706768578
Fri Oct 13 23:55:28 +0000 2023;1712980403487957494;"Pengungsi Yahudi baru tiba di Palestina pada tahun 1947. Lihat spanduk "Jerman menghancurkan keluarga kami, tolong jangan hancurkan harapan kami." https://t.co/MrBqCYSpU5";0;1;0;1;in;1529084442899533824;1712980403487957494;mikirmedia;https://twitter.com/mikirmedia/status/1712980403487957494
Fri Oct 13 23:55:13 +0000 2023;1712980339050905987;"@muchlis_ar Indonesia tuh lebih tau dan paham palestina daripada Otoritas nasional palestina dan hamas Dunia cuman banyak omong Indonesia Dengan aksi nyata";0;1;0;1;in;1138184158625144832;1712977759755276376;udinkampreto;https://twitter.com/udinkampreto/status/1712980339050905987
Fri Oct 13 23:55:12 +0000 2023;1712980337930948838;"Podcast saya ttg Palestina vs Zionis,  sejak td malam DIHAPUS oleh Youtube https://t.co/nJiaSaRwKR https://t.co/I2NdRJLyKj";6;88;54;227;in;1490536743137087490;1712980337930948838;dina_sulaeman;https://twitter.com/dina_sulaeman/status/1712980337930948838
Fri Oct 13 23:55:11 +0000 2023;1712980332126130680;"Pasti ada aja nih penipuan donasi untuk Palestina";0;0;0;1;in;160078877;1712980332126130680;Qodridio;https://twitter.com/Qodridio/status/1712980332126130680
Fri Oct 13 23:55:03 +0000 2023;1712980297372025319;"@knxarchieves Aneh sih udah biarin imigran masuk semaunya terus bikin kebijakan anti Palestina wkwkw raja blunder";0;1;0;0;in;2299991539;1712978492495986860;jonijoniyesmama;https://twitter.com/jonijoniyesmama/status/1712980297372025319
Fri Oct 13 23:55:00 +0000 2023;1712980287125328316;"@CNNIndonesia Lihatlah, saudara dekat mu, tetangga sekitar mu, jika masih ada yg tidak mampu, dan perlu dibantu, bantulah mereka, salurkan donasi kepada mereka dahulu, itu lebih baik sebelum kirim donasi ke Palestina";0;0;0;1;in;568255736;1712819268637929657;jefrybudi;https://twitter.com/jefrybudi/status/1712980287125328316
Fri Oct 13 23:54:58 +0000 2023;1712980279516917921;"ğŸ‡µğŸ‡¸ Pesepakbola AljazairğŸ‡©ğŸ‡¿ Riyad Mahrez, Ahmed Touba dan Said Benrahma menunjukkan dukungan mereka terhadap Palestina.   #FreeGaza #FreePalestine  â¤ğŸ‡µğŸ‡¸ https://t.co/E4hd0hXSym";0;1;21;86;in;1221303175518420998;1712980279516917921;IFyou_611;https://twitter.com/IFyou_611/status/1712980279516917921
Fri Oct 13 23:54:52 +0000 2023;1712980252098719751;"1.537 warga Palestina - termasuk 500 anak2 dan 276 wanita - telah dibunuh dan 6.612 lainnya luka2 dalam 6 hari terakhir pengeboman Israel di Gaza. Israel telah menjatuhkan lebih banyak bom di Gaza dalam 6 hari dibandingkan dengan yg dijatuhkan As di Afghanistan dalam 1 tahun. https://t.co/Z5Z5s31yhI";0;0;0;1;in;1297159428970430464;1712980252098719751;jonggi_p;https://twitter.com/jonggi_p/status/1712980252098719751
Fri Oct 13 23:54:41 +0000 2023;1712980204363395424;"@AzzamIzzulhaq Ya Allah, berikan bangsa Palestina kesabaran dan kekuatan dan berikan mereka pertolongan";0;0;1;42;in;3159578293;1712931523534741683;fazamutaqi0210;https://twitter.com/fazamutaqi0210/status/1712980204363395424
Fri Oct 13 23:53:57 +0000 2023;1712980021391106481;"Pasukan Taliban untuk Palestina:   Jangan menangis, jangan menangis, kami akan datang ke Palestina untuk membebaskanmu! https://t.co/wXsq5jVvUy";15;28;436;1283;in;59822361;1712980021391106481;ibnu_Abdullahs;https://twitter.com/ibnu_Abdullahs/status/1712980021391106481
Fri Oct 13 23:53:53 +0000 2023;1712980005071044656;"Podcast saya ttg Palestina vs Zionis,  sejak td malam DIHAPUS oleh Youtube https://t.co/PTU5lfxmUD https://t.co/kfO0a9PjWh";1;7;1;7;in;1490536743137087490;1712742498660196712;dina_sulaeman;https://twitter.com/dina_sulaeman/status/1712980005071044656
Fri Oct 13 23:53:48 +0000 2023;1712979985177415680;"Sumber bacaan lebih lanjut mengenai Okupasi oleh ICRC: https://t.co/vZoD7E6Op7  Ringkasan komentar legal oleh Mahkama Internasional (ICJ) mengenai pembatasan yang dilakukan di palestina: https://t.co/WOmjaCa4yO.";0;0;0;0;in;3492778519;1712979424638075091;nyamgiy;https://twitter.com/nyamgiy/status/1712979985177415680
Fri Oct 13 23:53:42 +0000 2023;1712979960162550176;"US dan Israel playing victim bgt lu. Sekarang kena deh lu minta warga Palestina pergi terus diserang brutal. Selalu nyalahin Hamas dan organisasi muslim. Tapi gak peduli kalau daerah di gaza makin menipis gara gara perang yang kalian mulai. Malu";0;0;0;0;in;1625792368996937728;1712979960162550176;worldtalk_;https://twitter.com/worldtalk_/status/1712979960162550176
Fri Oct 13 23:53:40 +0000 2023;1712979948896723291;"Relawan kemanusiaan ini menangis krn tak sanggup melihat tragedi yg ada dihadapannya. "Ini sangat mengerikan."  Temannya menariknya bangkit dari situ.  "Ini adalah Palestina, bro. Ini adalah Palestina." Ya. Org2 kuat itu adalah Palestina.   #WeStandWithPalestine https://t.co/tq0nZB90GL";0;0;2;10;in;1505537726400978945;1712979948896723291;Luthvy_02;https://twitter.com/Luthvy_02/status/1712979948896723291
Fri Oct 13 23:53:27 +0000 2023;1712979897168339015;"@muchlis_ar Bagi rakyat Palestina konflik dgn Israel adalah perang kemerdekaan Pak, itu pendiri NKRI juga yg kasih suport, suka tdk suka pejuang kemerdekaan dianggap pahlawan, sama kayak di Indo siPitung rumornya tukang ambil istri orang, tapi krn ikut melawan Belanda tetap dianggap Pahlawan";0;1;0;0;in;1055612952;1712977759755276376;Bud_Cavalera;https://twitter.com/Bud_Cavalera/status/1712979897168339015
Fri Oct 13 23:52:55 +0000 2023;1712979763747528855;"@EdhunMr Semoga yang merasa Negara Mayoritas Islam mengambil dalam misi perdamaian dan kemerdekaan Palestina.  Aamiin";0;0;0;3;in;1519567770098475010;1712784015521153093;arjuna_pagat;https://twitter.com/arjuna_pagat/status/1712979763747528855
Fri Oct 13 23:52:51 +0000 2023;1712979746123067657;"@HukumDan Pdip yg konsisten bela palestina";0;0;0;0;in;1423597724004360195;1712734277115490735;FarmSembada;https://twitter.com/FarmSembada/status/1712979746123067657
Fri Oct 13 23:51:52 +0000 2023;1712979499044749344;"@ajegilelu1 @MelodiAsyik @BSbukit Hahaha. Itu pun tanah Ottoman yg sdh dibeli org Yahudi sebelum Ottoman jatuh.  Kemudian jd milik Inggris. Sama spt negara2 Arab lain adalah milik Inggris.  Bangun woiiii haha.   Cb ksh bukti Negara bernama Palestina sebelum 1979.";0;1;0;1;in;1638057787887603713;1712727332526658015;bnsphrxyzzz;https://twitter.com/bnsphrxyzzz/status/1712979499044749344
Fri Oct 13 23:51:43 +0000 2023;1712979458481869139;"@OmJ_JeNggot Dukung kemerdekaan PALESTINA dari apa ..?? dari ISRAEL apa dari HAMAS ...?!! klw dari ISRAEL anda jga sma ajj tukng BOHONG ...";0;0;0;0;in;1580291944324141056;1712788031781113950;lahedom99;https://twitter.com/lahedom99/status/1712979458481869139
Fri Oct 13 23:51:36 +0000 2023;1712979431877443698;"â€œKenapa warga Palestina ga kabur aja dari wilayah mereka?â€  Karena, dari 2007 (16 tahun lalu) autoritas militer israel juga memblokir jalur udara, darat, dan perairan di kota Gaza, Palestina. Mereka juga memiliki KONTROL terhadap pergerakan masyarakat dalam wilayah Palestina.  +";1;1;0;0;in;3492778519;1712979424638075091;nyamgiy;https://twitter.com/nyamgiy/status/1712979431877443698
Fri Oct 13 23:51:35 +0000 2023;1712979428232630470;"Kontrol terhadap sumber makanan, air bersih, listrik dan sumber penyandang kehidupan lainya di Palestina itu sudah berada dibawah kontrol autoritas militer israel selama bertahun-tahun.  +";0;1;0;0;in;3492778519;1712979424638075091;nyamgiy;https://twitter.com/nyamgiy/status/1712979428232630470
Fri Oct 13 23:51:35 +0000 2023;1712979424638075091;"Kalo kamu masih bingung â€œkok bisa Israel memutus air, listrik, internet di Palestina?â€  Karena situasi yg terjadi adalah OKUPASI, dimana ada suatu entitas asing bersenjata yang memiliki AUTORITAS, termasuk KONTROL terhadap suatu kehidupan di suatu wilayah.  +";0;1;0;2;in;3492778519;1712979424638075091;nyamgiy;https://twitter.com/nyamgiy/status/1712979424638075091
Fri Oct 13 23:51:08 +0000 2023;1712979311689605246;"Bangunan ini terbakar akibat serangan roket dari pejuang Palestina ke Sderot, Palestina terjajah.   Sumber: Ultra Palestine ___  Simak terus kabar Palestina terkini di channel Telegram:   ğŸ‡µğŸ‡¸ Halopalestina âœ…ï¸ Join Channel: https://t.co/hYngA4r3sI #FreePalestine https://t.co/fyLu5eqk7s";0;0;0;0;in;1490895533611053060;1712979311689605246;DataZakee;https://twitter.com/DataZakee/status/1712979311689605246
Fri Oct 13 23:51:03 +0000 2023;1712979290810380486;"@Daniel_Moreno77 @wandystjk2 Gak cuma Gaza. Bisa bisa Palestina pun juga dihapus dari peta dunia";0;0;0;0;in;71791836;1711945722743095476;arysw;https://twitter.com/arysw/status/1712979290810380486
Fri Oct 13 23:50:48 +0000 2023;1712979229561024652;"Masya Allah.... Mujahid Fisabilillah, Profesi dan Tradisi yang dipegang Teguh sejak kecil untuk Warga Palestina dalam mempertahankan Negara nya dari para Zionis ISRA Hell...!â˜âœŠğŸ”¥ https://t.co/JVxSkInbaa";0;0;0;1;in;1603537926482145280;1712979229561024652;IwanIwanely72;https://twitter.com/IwanIwanely72/status/1712979229561024652
Fri Oct 13 23:50:46 +0000 2023;1712979222153871491;"Tim yg gamau komentar banyak tentang konflik palestina israel ğŸ™ğŸ»";0;0;0;0;in;1677529582256394240;1712979222153871491;ArthurDijkstraa;https://twitter.com/ArthurDijkstraa/status/1712979222153871491
Fri Oct 13 23:50:42 +0000 2023;1712979203900203074;"Glamping sambil menikmati keindahan gunung gede pangrango cuma 69k/orang hanya di https://t.co/wYdKIImfDM puncak Bogor Cipanas Cianjur, termasuk sarapan pagi. resv: 0838-1994-0751  #FreePalestine Gaza Palestina Hamas Israel #IgError pamali dusun pocong jam 3 daddies https://t.co/7EigG5EYX1";0;0;0;1;in;1639122892712730624;1712979203900203074;arifhidayatku;https://twitter.com/arifhidayatku/status/1712979203900203074
Fri Oct 13 23:50:30 +0000 2023;1712979152868180265;"ğŸ‡µğŸ‡¸ Seorang paramedis Palestina mengisi jeda dalam pengeboman itu dengan membaca Al-Qur'an.   Laa ilaa illallah  #FreeGaza #FreePalestine â¤ğŸ‡µğŸ‡¸ https://t.co/5EV3oMOu4W";8;19;544;2042;in;1221303175518420998;1712979152868180265;IFyou_611;https://twitter.com/IFyou_611/status/1712979152868180265
Fri Oct 13 23:50:15 +0000 2023;1712979091673301277;"Nah, itu beberapa produk pertanian dari Gaza, Palestina. Ternyata sangat beragam ya. Kita doakan semoga konflik yg terjadi disana cepat mereda dan sektor pertanian di Palestina bisa bangkit &amp  maju.";0;0;0;0;in;1675710132695732224;1712975350362525826;txtdaritani;https://twitter.com/txtdaritani/status/1712979091673301277
Fri Oct 13 23:50:12 +0000 2023;1712979077756588088;"Tentu saja, hal tersebut sangat disayangkan mengingat Palestine memiliki tanah yang subur. Adapun bbrp komoditas unggulan dari Palestina, antara lain";0;1;0;0;in;1675710132695732224;1712975350362525826;txtdaritani;https://twitter.com/txtdaritani/status/1712979077756588088
Fri Oct 13 23:49:43 +0000 2023;1712978958281814275;"@muchlis_ar Gini kutil babi, HAMAS dan rakyat Gaza udah teruji mentalnya, 16 tahun diblokade zionits, darat, laut dan udara tidak goyah mereka, Mesir bantu ga bantu ga peduli mereka, yakin mereka sama Pertolongan Allah.. tekad mereka satu, negara Palestina merdeka dan tidak ada zionist lagi.";0;1;0;0;in;1083375995208445952;1712815604774892008;AbuAqila16;https://twitter.com/AbuAqila16/status/1712978958281814275
Fri Oct 13 23:49:35 +0000 2023;1712978924660199555;"@dipanagara @muchlis_ar Indonesia memproklamirkan apa diakui oleh sekutu dan Belanda, Palestina justru yang menjadi salah satu negara yang pertama mengakui kedaulatan Indonesia, tapi herannya ada warga Indonesia yang justru sekarang mendukung Israel hadeh ...kekonyolan";1;11;3;27;in;4388800344;1712733946944098599;arkaatmaja7;https://twitter.com/arkaatmaja7/status/1712978924660199555
Fri Oct 13 23:49:30 +0000 2023;1712978903374135601;"@onlyffaannss @tanyarlfes salah bang, yg benci itu yahudi ortodoks sendiri, sedangkan zionist malah yg ngebet mau genosida ke Palestina.";0;0;0;0;in;1701626461583749120;1712974939727556950;revanarya26;https://twitter.com/revanarya26/status/1712978903374135601
Fri Oct 13 23:49:27 +0000 2023;1712978888819921025;"@luckysubiakto Ngapain dgn spt ini, sodara palestina membutuhkan doa dan dukungan moral, lah ini malah show up berkuda..gak tepat";0;1;0;0;in;1555078093957910528;1712762241337205046;semacamharapan;https://twitter.com/semacamharapan/status/1712978888819921025
Fri Oct 13 23:48:55 +0000 2023;1712978756649033867;"@detikcom Lucu beud ih, yang dukung Israel justru Ukraine dan Sekutunya yang rasakan langsung invasi dari rusia, tapi yang dukung Palestina malah rusia dan north Korea wkwk";0;0;0;0;in;1097354695742386177;1712724859862630755;rizal456987;https://twitter.com/rizal456987/status/1712978756649033867
Fri Oct 13 23:48:26 +0000 2023;1712978632636060071;"Tidaklah cukup bagi Israel untuk membunuh jurnalis Palestina. Kini mereka mengebom Lebanon dan secara langsung menargetkan jurnalis yang meliput kejahatan mereka di perbatasan Lebanon.   Sedikitnya 1 jurnalis tewas dan 3 luka-luka. Disponsori oleh Barat yang â€œbebasâ€. https://t.co/N4Z08WqY1p";0;1;54;93;in;2256063276;1712978628395626673;SoftWarNews;https://twitter.com/SoftWarNews/status/1712978632636060071
Fri Oct 13 23:47:57 +0000 2023;1712978513886859663;"Israel akan menerima balasan yang setimpal atas genocida yang dilakukan terhadap rakyat Palestina di Gaza,pembantaian dan pengosongan paksa atas Gaza dengan menjatuhkan ribuan Bom diatas sepetak tanah ini tidak bisa dibenarkan dengan alasan apapun.";0;0;0;0;in;706266516069584898;1712978513886859663;wim_musawa;https://twitter.com/wim_musawa/status/1712978513886859663
Fri Oct 13 23:47:55 +0000 2023;1712978505242427831;"@CNNIndonesia Dipindahkan tanpa Perlindungan Militer ??? Ini sama saja bunuh diri... Dan berita terbaru 70 penduduk sipil Palestina gugur syahid ketika mereka sedang melakukan perpindahan ke Mesir mengikuti Instruksi Jebakan itu...";0;0;0;0;in;959226668;1712696681534529974;Ulhufiahun;https://twitter.com/Ulhufiahun/status/1712978505242427831
Fri Oct 13 23:46:39 +0000 2023;1712978186081046545;"@Tita83079013 Mestinya menhan memfasilitasi mereka yg mau berjuang membela palestina di gaza. Itukan keinginan mereka sendiri. Silahkan berjihad ke sana. Mudah2an sahid...";0;1;0;3;in;1120259852754755584;1712842269106262461;HalimRudianto;https://twitter.com/HalimRudianto/status/1712978186081046545
Fri Oct 13 23:46:38 +0000 2023;1712978178480980282;"@SoftWarNews Fakta seterang ini tapi masih banyak yang bela Israel. Mereka harus merasakan penjajahan dulu supaya mengerti penderitaan Palestina.";0;0;0;0;in;237363430;1712615997860151552;LeylaHana;https://twitter.com/LeylaHana/status/1712978178480980282
Fri Oct 13 23:46:06 +0000 2023;1712978045940977707;"@triliuner007 @DarsAlexandra1 cebong tololl,  buka almamater agamamu,kalau masih mendukung zionist, ups,, syiah kah? syiah iran juga membela palestina lhoh..  fix inj cebong dungu yahudi pesek ğŸ˜†";0;1;0;0;in;1424376806958780427;1712315526180212773;HTgpura;https://twitter.com/HTgpura/status/1712978045940977707
Fri Oct 13 23:45:54 +0000 2023;1712977995739353543;"@tanyarlfes Persoalan palestina dan israel adalah masalah pendudukan wilayah. Bukan agama. Di israel ada jg org yg ingin perdamaian. Jadi, persoalan ini kompleks. Berharap ada solusi terbaik utk kedua negara. Both of countries are human.";0;0;6;123;in;1313777450;1712974939727556950;Boni_Sena;https://twitter.com/Boni_Sena/status/1712977995739353543
Fri Oct 13 23:45:37 +0000 2023;1712977922867560545;"Jurnalis Palestina Mohammed Shehab terbunuh oleh rudal Israel saat dia menyiarkan pesan tentang penderitaan Gaza. @QudsNen https://t.co/lh6KAISgTz";0;0;0;4;in;1529084442899533824;1712977922867560545;mikirmedia;https://twitter.com/mikirmedia/status/1712977922867560545
Fri Oct 13 23:45:32 +0000 2023;1712977905561797110;"Ternyata IG lagi error, bagaimana dgn IG kamu?  #FreePalestine Gaza Palestina Hamas Israel #IgError https://t.co/ZPdh78FBcF";0;1;0;1;in;1639122892712730624;1712977905561797110;arifhidayatku;https://twitter.com/arifhidayatku/status/1712977905561797110
Fri Oct 13 23:45:29 +0000 2023;1712977892748222643;"@SoftWarNews Pemimpin arab pengecut, tidak malukah Anda wahai Raja Abdullah  dgn kakekmu Baginda Rasulullah SAW. Seharusnya tentara anda dipake utk menyelamatkan saudaranya di Palestina, justru digunakan untuk menghalangi rakyatnya sendiri yg ingin menolong saudaranya di Palestina";0;0;1;1;in;1116539057025110017;1712768937904275853;muslimsmentor;https://twitter.com/muslimsmentor/status/1712977892748222643
Fri Oct 13 23:45:29 +0000 2023;1712977890814640547;"@ringotorus @tvOneNews Yg mulai perang ya zionis. Merebut tanah, menindas, menghina rakyat Palestina. Hamas muncul krna rakyat melawan. Kamu kalau diambil tanahnya ngelawan ga?";0;1;0;2;in;199630191;1712837719863529661;ariwan5;https://twitter.com/ariwan5/status/1712977890814640547
Fri Oct 13 23:45:19 +0000 2023;1712977847889887734;"@hasyimmah Tapi sekrng Uni Europa dan Jerman , membekukan sumbangannya. Dan siapa yg donasi ke palestina dan itu ke rekening hamas, akan dikenakan hukuman.  Orang palestina itu gak ada yg miskin. Justru Indonesia yg masih banyak kemiskinan drpd palestina.";0;0;0;0;in;1445131067246137348;1712632554640306239;hannajoe20;https://twitter.com/hannajoe20/status/1712977847889887734
Fri Oct 13 23:45:14 +0000 2023;1712977827531035033;"Masihkah kalian anggap ini sebuah kebohongan, Palestina di dzolimi, kalau dia membela diri wajar adanya...";0;0;0;1;in;2311213884;1712977827531035033;agusn2n1;https://twitter.com/agusn2n1/status/1712977827531035033
Fri Oct 13 23:45:11 +0000 2023;1712977817049461112;"@Balistta MUNGKIN BENAR...PADA SAAT ITU MUNGKIN JUGA BELUM ADA YG NAMANYA SUKU... TAPI YG GW PENGEN TAU,TOPIKNYA KAPAN BANGSA PALESTINA ITU ADA??.";0;1;0;0;in;891883949571457024;1712972963153391930;M17522147;https://twitter.com/M17522147/status/1712977817049461112
Fri Oct 13 23:45:02 +0000 2023;1712977776352034875;"Serangan Militer Israel: 1.949 Warga Palestina Tewas, 6.500 Lainnya Terluka  https://t.co/jjlJTXIpxy";0;1;1;0;in;202559038;1712977776352034875;GATRA_com;https://twitter.com/GATRA_com/status/1712977776352034875
Fri Oct 13 23:44:58 +0000 2023;1712977759755276376;"Hamas bukan Palestina. Hamas itu kelompok militan yang menguasai Gaza.  Ini pernyataan resmi Otoritas Palestina.  Para pembela HAMAS mesti baca ini. Juga para politisi yg sok bela Palestina.  Iqra!";25;178;115;325;in;33456112;1712977759755276376;muchlis_ar;https://twitter.com/muchlis_ar/status/1712977759755276376
Fri Oct 13 23:44:49 +0000 2023;1712977725110292621;"@silencedisturb @saidiman Intinya tiap hri tiap meter israell merebut tanah wargaÂ² palestina wanita anakÂ² ditindak oleh tentara sendangkan anakÂ² dan wanita ga punya peralatan untuk melawan";0;2;0;0;in;1576251047097819136;1712650219341713518;Dan91101563;https://twitter.com/Dan91101563/status/1712977725110292621
Fri Oct 13 23:44:23 +0000 2023;1712977612413538394;"kalo palestina minta bantuan bla bla bla lah dikira israel gak minta bantuan juga kali ğŸ˜‡ suka gitu emg penilaian manusia atau bisa disebut dg bacot ğŸ˜ƒ";1;0;0;0;in;292255033;1712977612413538394;FRPrayogo;https://twitter.com/FRPrayogo/status/1712977612413538394
Fri Oct 13 23:44:21 +0000 2023;1712977604373037277;"@IgnatiusDedi @tvOneNews Ini foto thn 1947, orang2 Yahudi dari Eropa mendarat di Palestina mencari perlindungan. Lalu skr negaranya dicaplok dan rakyatnya dibunuhi. Ngga perlu bicara agama, coba berpikir sebagai manusia aja udah cukup. Seharusnya. https://t.co/24mxqQNgg7";0;0;1;3;in;313402989;1712731398510092605;jusotak;https://twitter.com/jusotak/status/1712977604373037277
Fri Oct 13 23:43:48 +0000 2023;1712977466808324313;"Militer Israel Serang Gudang Militer Hamas, Kemenlu Siapkan Evakuasi WNI di Palestina &amp  Israel  https://t.co/gcq7ro4C4l  Tren: Gibran Tidur Daddies Gus Muhaimin Yordania Konoha Ramalan Jam 3 UIN Jambi Pasumi";0;1;0;0;in;372613837;1712977466808324313;kompastvptk;https://twitter.com/kompastvptk/status/1712977466808324313
Fri Oct 13 23:43:24 +0000 2023;1712977367289958513;"@coxz1223 @Bunga_JyKesuma Namanya penjahat dibuang ke Palestina , ya gitu.. di dukung oleh negara negara jahat pada Islam, Plus para pemimpin nya yang Islamophobia";0;1;0;0;in;59822361;1712483505673011310;ibnu_Abdullahs;https://twitter.com/ibnu_Abdullahs/status/1712977367289958513
Fri Oct 13 23:43:11 +0000 2023;1712977311518404615;"@AgusYudhoyono @PDemokrat Doa terbaik untuk warga Palestina";0;0;0;0;in;2152966869;1712744411589922928;tatang_suhndr;https://twitter.com/tatang_suhndr/status/1712977311518404615
Fri Oct 13 23:42:47 +0000 2023;1712977211261936028;"Warga sipil Mesir rameÂ² membawa makanan melintasi perbatasan Palestina sementara bapak duda minta dukungan ke zionis utk nyapres  Cageurrr https://t.co/8vDjnUUBcA";0;0;0;2;in;1601604678105853954;1712977211261936028;AKasuke327;https://twitter.com/AKasuke327/status/1712977211261936028
Fri Oct 13 23:42:34 +0000 2023;1712977155293122688;"@tvOneNews Kita mungkin gak bisa datang langsung ke palestina,, minimal kita disini berdoa utk mereka,, dan bila ada rejeki sisihkan donasi buat mereka....utk yg isinya cuma menghujat mending diam ,,";0;1;1;7;in;1418456895107473408;1712847050193395988;DhimasTurino;https://twitter.com/DhimasTurino/status/1712977155293122688
Fri Oct 13 23:42:27 +0000 2023;1712977128281739637;"Mendukung Palestina Merdeka Sepenuhnya  OlehÂ Prima Mari Kristanto  Artikel ini berisi sejarah pendudukan Israel pada Palestina yang kemudian melahirkan kelompok perlawan seperti PLO, Hamas, dan Fatah.   Di akhir penulis membandingkan penjajahan Belanda atas Nusantara denganâ€¦ https://t.co/dO1FaT0tNn";0;3;23;27;in;35680707;1712977128281739637;m_nurfatoni;https://twitter.com/m_nurfatoni/status/1712977128281739637
Fri Oct 13 23:42:25 +0000 2023;1712977117519233501;"Samara Dream Academy Dihujat Netizen setelah Trainee HYBE Labels Itu Sukai Konten Konflik Palestina Israel #Samara #DreamAcademy #HYBE   https://t.co/HifoeGXhF5";0;1;0;2;in;972179486;1712977117519233501;KpopChartNet;https://twitter.com/KpopChartNet/status/1712977117519233501
Fri Oct 13 23:41:51 +0000 2023;1712976975248462198;"@ulil Masalahnya gimana kita bisa dominan militer, atau ekonomi dulu lah supaya â€œdukungan tanpa syaratâ€ ke palestina ini memiliki daya gedor yg kuat? Ini tugas kita bersama di sini gus";0;0;0;0;in;1580892583349301248;1712712657722290509;kopipagi98;https://twitter.com/kopipagi98/status/1712976975248462198
Fri Oct 13 23:41:21 +0000 2023;1712976852346925368;"@narkosun Palestina nyang mane??? teroris hamas yg udah terdesak di Gaza aj kaleee yg butuh bantuanğŸ˜‚ğŸ˜‚ğŸ˜‚ğŸ˜‚ğŸ˜‚";0;0;0;0;in;1314293956138557440;1712808351502131584;Hyoga59440799;https://twitter.com/Hyoga59440799/status/1712976852346925368
Fri Oct 13 23:41:18 +0000 2023;1712976840258940981;"@muchlis_ar Kamu terlalu percaya propaganda zionist sampai menyalahkan HAMAS yang sampai detik ini memperjuangkan kemerdekaan Palestina. Bangsat lu!!! https://t.co/bdXmOejtVP";0;0;0;0;in;1083375995208445952;1712698295817240656;AbuAqila16;https://twitter.com/AbuAqila16/status/1712976840258940981
Fri Oct 13 23:41:13 +0000 2023;1712976816909283532;"@detikcom Udah mas Putin Klo Gk berani lawan Israel lebih baik diam. Biar Alloh SWT yang jadi penolong bangsa Palestina @KremlinRussia_E";0;0;0;0;in;1652141743813578752;1712724859862630755;DChadut2029196;https://twitter.com/DChadut2029196/status/1712976816909283532
Fri Oct 13 23:41:11 +0000 2023;1712976808176652348;"Antony Blinken telah tiba di Saudi Dia mungkin akan meminta MBS untuk membiarkan Israel melakukan genosida terhadap warga Palestina. @IranObserver0 https://t.co/K77Ddj3gLE";0;0;0;2;in;1529084442899533824;1712976808176652348;mikirmedia;https://twitter.com/mikirmedia/status/1712976808176652348
Fri Oct 13 23:41:10 +0000 2023;1712976803034222938;"Cmiiw negara arab tetangga palestina gk mau buka bordernya utk pengungsi palestina. There must be a reason mesir, jordan close their border for refugees";0;0;1;0;in;442778219;1712976803034222938;RachmanWoo;https://twitter.com/RachmanWoo/status/1712976803034222938
Fri Oct 13 23:41:08 +0000 2023;1712976798341046615;"@Tita83079013 @ganjarpranowo Fokus Palestina Merdeka";0;0;0;0;in;1562844044543537154;1712835711383248932;Herwaku;https://twitter.com/Herwaku/status/1712976798341046615
Fri Oct 13 23:40:59 +0000 2023;1712976760638501018;"Ga malu sama china?   Bebaskan Palestina dengan Khilafah Islamiyyah ala Rasulullah SAW...";0;0;0;0;in;1626780659900645378;1712976760638501018;kangmasuno;https://twitter.com/kangmasuno/status/1712976760638501018
Fri Oct 13 23:40:24 +0000 2023;1712976613007323268;"@muchlis_ar Bener, bagi Hamas rakyat Palestina harus menderita agar donasi2 dari negara2 lain tetep mengalir ke kantong mereka. Buktinya pimpinan2 Hamas hidup enak2an di Qatar ğŸ˜…ğŸ˜…ğŸ˜…";1;0;1;12;in;1314087531231637504;1712698295817240656;Daniel_Moreno77;https://twitter.com/Daniel_Moreno77/status/1712976613007323268
Fri Oct 13 23:40:24 +0000 2023;1712976611111494083;"Rekaman lain menunjukkan konvoi Palestina menuju selatan Gaza sebelum diserang  Atas dosa apa orang-orang lemah tak berdaya ini kalian bunuh? https://t.co/hdWBp8AceR";9;16;133;267;in;2256063276;1712974995507577023;SoftWarNews;https://twitter.com/SoftWarNews/status/1712976611111494083
Fri Oct 13 23:40:23 +0000 2023;1712976607328215321;"Kementerian Kesehatan Palestina mengatakan penduduk setempat yang mengindahkan seruan Israel untuk pindah ke selatan Gaza menjadi sasaran serangan udara hari ini di jalan Salahad al din. https://t.co/JHeHfuixIz";3;2;60;94;in;2256063276;1712974995507577023;SoftWarNews;https://twitter.com/SoftWarNews/status/1712976607328215321
Fri Oct 13 23:39:23 +0000 2023;1712976354294301025;"@FerriNanto @dina_sulaeman Palestina udah dari Jaman Ottoman. Israel baru berdiri tahun 1948";0;1;0;0;in;3644829072;1712778982100500867;siddiqfmuh;https://twitter.com/siddiqfmuh/status/1712976354294301025
Fri Oct 13 23:39:12 +0000 2023;1712976308014387230;"@PostifStore @SoftWarNews Di thread itu, pihak Palestina jelek banget, pihak israel baik banget ğŸ˜‚ğŸ˜‚ğŸ˜‚ğŸ˜‚";0;0;0;0;in;632513264;1712615997860151552;mbvtt;https://twitter.com/mbvtt/status/1712976308014387230
Fri Oct 13 23:39:00 +0000 2023;1712976259775647745;"@AzzamIzzulhaq Innalilahi wa inna ilaihi rajiâ€™un, in sya Allah syahid. Kita tdk bersedih dgn apa yg menimpa saudara kita di Palestina, karena Alah beri mereka kemuliaan syahid dan pahala kesabaran. Yg perlu disedihkan adalah kita, tdk bisa menolong saudaranya yang tertindas hingga kini.";0;1;0;1;in;1116539057025110017;1712961473935478998;muslimsmentor;https://twitter.com/muslimsmentor/status/1712976259775647745
Fri Oct 13 23:38:54 +0000 2023;1712976235884892173;"@saidiman @saidiman jangan ngarang kalau ada bangsa Israel di Palestina karena sebelum ada nya Balfour Declaration Tahun 1917 nggak ada tuh zionisme yang mampir ke tanah Palestina atau tanah perjanjian tapi Nabi Musa nggak pernah menunjukkan nya selama 40 Tahun ğŸ˜‚ğŸ¤£ğŸ˜‚ğŸ¤£ hoax aja lu";0;0;0;0;in;1059983820298940416;1712650219341713518;SontoJoko;https://twitter.com/SontoJoko/status/1712976235884892173
Fri Oct 13 23:38:49 +0000 2023;1712976215127285907;""Hamas bukanlah pemerintah Palestina, tegas Zomlot.  "Perang Hamas Vs Israel, Apa Kata Kubu Presiden Palestina?"   Hamas itu TERORIS yang menduduki wilayah Gaza &amp  yg memulai serangan terhadap Israel  yang menewaskan 1.300 warga sipil  https://t.co/5SizHzslVM.";1;5;11;30;in;1614470115210457090;1712976215127285907;G4b0nGOKU;https://twitter.com/G4b0nGOKU/status/1712976215127285907
Fri Oct 13 23:38:47 +0000 2023;1712976206415749462;"Sama seperti Indonesia, Palestina ternyata memiliki tanah yang subur. Ada banyak tanaman buah dan sayur yg tumbuh di tanah ini.   Dikutip dari https://t.co/dGBlcA9WVe, pertanian di Gaza meningkat hampir dua kali lipat antara tahun 1948 dan 1967.";0;1;0;0;in;1675710132695732224;1712975350362525826;txtdaritani;https://twitter.com/txtdaritani/status/1712976206415749462
Fri Oct 13 23:38:42 +0000 2023;1712976182894100547;"@LULUSAN_SD_ Minimal kita mendoakan sdrÂ² kita di Palestina, Ya Allah lindungi mrk semua, Aamiin ğŸ¤²";0;1;1;11;in;852327811;1712901017623580828;rahmaniarbaftim;https://twitter.com/rahmaniarbaftim/status/1712976182894100547
Fri Oct 13 23:38:41 +0000 2023;1712976180058718446;"@assemblerAVR @SoftWarNews Wowww...siapa yang fans fanatik palestina sekaligus yang teriak2 aseng aseng tuh.";0;0;0;2;in;1123857444654993408;1712825474898895134;H4ri4n74_13;https://twitter.com/H4ri4n74_13/status/1712976180058718446
Fri Oct 13 23:38:40 +0000 2023;1712976176485142841;"PEMBANTAIAN DI GAZA - 70 MATI DAN 200 CEDERA - MAYORITAS WANITA DAN ANAK-ANAK Warga Palestina disuruh pergi ke Gaza selatan. Ketika mereka memulai perjalanan ke selatan, mereka disergap tanpa ampun. @ShaykhSulaiman https://t.co/cV67g95mi4";0;4;4;9;in;1529084442899533824;1712976176485142841;mikirmedia;https://twitter.com/mikirmedia/status/1712976176485142841
Fri Oct 13 23:38:29 +0000 2023;1712976130020639010;"Ketika  Nazi menghabisi Yahudi, Nazi melakukannya sendiri. Tatkala Israel menghabisi Palestina, mereka mendapat dukungan penuh dari Amerika, sekutu-sekutunya dari Eropa dan sebagaian bangsa Arab yang nyaman hidup berteman dengan Amerika.  Penindasan terhadap rakyat Palestinaâ€¦";1;0;0;3;in;158007705;1712976130020639010;wdtu;https://twitter.com/wdtu/status/1712976130020639010
Fri Oct 13 23:38:17 +0000 2023;1712976080372629983;"Bebaskan Palestina dari Penjajahan Zionis Yahudi #SolidarityForPalestine #MuslimPower #MuslimAreStrong #SolidarityFromJakarta #IndonesiaStandWithPalestine #IsraelTheRealTerrorist  #IsraelTheInvaders  #IsraeliWarCrimes https://t.co/6TcXfcmcwv";0;0;0;0;in;3200045035;1712976080372629983;HudanHadyan;https://twitter.com/HudanHadyan/status/1712976080372629983
Fri Oct 13 23:37:58 +0000 2023;1712975999191982461;"Tuliskan doa terbaik kalian untuk Palestina.  Aamiin aamiin ya robbal alamin. https://t.co/y2RfvAcm4H";0;1;7;29;in;1189195077836398592;1712975999191982461;zomet13;https://twitter.com/zomet13/status/1712975999191982461
Fri Oct 13 23:37:33 +0000 2023;1712975895844225190;"â€œRakyat kami di Gaza sedang mengalami genosidaâ€: 1.799 orang tewas, termasuk 583 anak-anak, dan 7.000 orang terluka di Jalur Gaza, demikian diumumkan pihak berwenang Palestina.  #Gaza_under_attack #FreePalestine #SahabatPalestina_ID  ğŸ’šğŸ‡µğŸ‡¸ https://t.co/QXlk8HJwgE";0;0;9;6;in;1406206545625419777;1712975895844225190;KheyL4_8;https://twitter.com/KheyL4_8/status/1712975895844225190
Fri Oct 13 23:37:07 +0000 2023;1712975784883929507;"@ismailhasan13 @OrangPerantauan Si paling berguna buat Palestina https://t.co/9pwey4PEjF";0;2;0;0;in;1325792092656840704;1712939749043032344;coklatalmond_;https://twitter.com/coklatalmond_/status/1712975784883929507
Fri Oct 13 23:37:06 +0000 2023;1712975780542816758;"@arkaatmaja7 @muchlis_ar Bedanya rakyat Palestina ga memproklamirkan kemerdekaan dr Ottoman maupun Inggris";0;1;1;1;in;46583279;1712733946944098599;dipanagara;https://twitter.com/dipanagara/status/1712975780542816758
Fri Oct 13 23:36:33 +0000 2023;1712975642357313602;"Bukan Palestina yang butuh kita, tapi kita yang butuh Palestina... https://t.co/kCicSJqRqn";2;1;34;57;in;1655108759289737216;1712975642357313602;julian17426;https://twitter.com/julian17426/status/1712975642357313602
Fri Oct 13 23:36:01 +0000 2023;1712975509427208207;"@tvOneNews @arwidodo Indonesia sll mmbela Palestina, bhw penjajahan diatas dunia hrus dihapuskn krn tdk sesuai dgn perikemanusiaan dn keadilan   Indonesia sdh pnya hubungan dgn palestina sblum Indonesia merdeka, dn warga palestina mendukung kemerdekaan Indonesia mbantu sjumlah uang utk kemerdekaan";0;1;0;7;in;2455219674;1712797780534817228;haris_zr;https://twitter.com/haris_zr/status/1712975509427208207
Fri Oct 13 23:35:30 +0000 2023;1712975379307377124;"Ayo mbah tantang para pemuda KADRUN berangkat jihad ke Palestina, kadrun jangan cuma jago ngoceh di medsos saja.  Sekalian mbah yg pimpin pasukan.  https://t.co/rbpmllwupy";0;0;2;6;in;938664737369341952;1712975379307377124;DoankWarto;https://twitter.com/DoankWarto/status/1712975379307377124
Fri Oct 13 23:35:28 +0000 2023;1712975371430412561;"@c__corner @Been4Q59 ISRAEL LEBIH ADA DULUAN DARIPADA PALESTINA .... ANDA MAKANYA BACA SEJARAH JANGAN TOLOL !!!";0;0;0;0;in;3448878918;1712626978539585656;bacotmu2121;https://twitter.com/bacotmu2121/status/1712975371430412561
Fri Oct 13 23:35:23 +0000 2023;1712975350362525826;"Dari kemarin berita tentang Gaza dan Palestina ramai menjadi perbincangan masyarakat di media sosial.   Tapi kali ini MinTan ga bahasa berita yang lagi ramai. MinTan mau share beberapa komoditas tanaman yang banyak tumbuh di Palestina. Yuk simak!";0;1;0;1;in;1675710132695732224;1712975350362525826;txtdaritani;https://twitter.com/txtdaritani/status/1712975350362525826
Fri Oct 13 23:35:13 +0000 2023;1712975308997951648;"Nurani dan akal sehat pasti sedih menyaksikan berbagai kekejian dilakukan kepada bangsa Palestina  Hanya sekumpulan psikopat yang tega melakukan pembunuhan massal atau membela tindakan keji ini  Free Palestine https://t.co/7a6WNuD69Q";0;0;0;0;in;1318885797001658375;1712975308997951648;InsanSabur;https://twitter.com/InsanSabur/status/1712975308997951648
Fri Oct 13 23:35:03 +0000 2023;1712975265360732244;"Allah berikan kepadanya umur panjang dan inilah yang ia ucapkan di penghujung hidupnya, kebencian dan keinginan membinasakan bangsa Arab dan Palestina.  Semoga Allah jauhkan sifat nista ini di hari tua kita. ğŸ¤²  #FreePalestine";0;0;0;0;in;1674596336891740161;1712975265360732244;WorldWakeUp;https://twitter.com/WorldWakeUp/status/1712975265360732244
Fri Oct 13 23:34:44 +0000 2023;1712975185291452598;"@JalanKe83957796 @IyesTines @CNNIndonesia Sesama umat muslim aj tdk mengakui HAMAS itu bagian dr PALESTINA.. HAMAS merupakan pemberontak dinegaranya yang mengambil kekuasaan mengunakan tameng rakyat Palestina.. Srkg bnyk LSM2 HAMAS spt org ini yg mengeruk keuntungan dr kebesaran hati umat muslim menolong rakyat palestina https://t.co/MYwmbCIrid";0;0;0;0;in;1602259844299255808;1711280929132650969;Wedhuzjr;https://twitter.com/Wedhuzjr/status/1712975185291452598
Fri Oct 13 23:34:07 +0000 2023;1712975032455192884;"@MelodiAsyik @LuckyBos4 Itu mah kesimpulan situ aje bro, jaman Rasulullah ï·º, muslim hidup berdampingan dgn orang yahudi koq ğŸ˜‚, konteks disana soal konflik israel n palestina....sesimpel itu";0;0;0;0;in;938916131217084416;1712718618650386557;SlevinSojiro;https://twitter.com/SlevinSojiro/status/1712975032455192884
Fri Oct 13 23:34:06 +0000 2023;1712975025391981033;"@bustomi_redaksi @SoftWarNews Jadi konflik bermula dari itu,.  Bangsa israel menganggap bahwa tanah Palestina adalah tanah mereka setelah mereka dibebaskan oleh nabi Musa/Moses. Mereka menanggap spt itu karena tertulis di kitab mereka bahwa asal usul bangsa israel dari tanah kanaan.";0;0;0;0;in;534062860;1712681215235600747;alle_santo;https://twitter.com/alle_santo/status/1712975025391981033
Fri Oct 13 23:34:03 +0000 2023;1712975015027847661;"@Balistta @AzzamIzzulhaq PENELITIAN ARKOELOG DAN ILMUAN MENEMUKAN BAHWA DNA ORANG FILISTIN BERBEDA DENGAN ORANG PALESTINA..";0;3;0;0;in;891883949571457024;1712931523534741683;M17522147;https://twitter.com/M17522147/status/1712975015027847661
Fri Oct 13 23:33:59 +0000 2023;1712974998212952539;"@ulil Yang benar..?? Masalah palestina israel selesai jika hamas di habiskan dari timur tengah,,, apakah anda setuju..??";0;0;0;0;in;4758766038;1712712657722290509;junregar30;https://twitter.com/junregar30/status/1712974998212952539
Fri Oct 13 23:33:45 +0000 2023;1712974939727556950;"ğŸ’š // Palestina, Israel  Gen asking, kira-kira ada ga ya warga Israel yang sebenernya mereka tuh orang "bener" yang ga mendukung genosida pemerintah mereka? aatau semua warganya udah didoktrin harus benci Palestina?";38;163;55;1096;in;1371650588;1712974939727556950;tanyarlfes;https://twitter.com/tanyarlfes/status/1712974939727556950
Fri Oct 13 23:33:34 +0000 2023;1712974894055801240;"Jenin, dua hari. yang lalu.  Mereka membual tentang pembunuhan pemuda Palestina dan banyaknya peluru yang menembus kendaraan.  Video itu terjadi setelah kendaraan ditarik ke kamp Al-Jalama  Ketemu Hamas mereka nangis";0;0;1;2;in;59822361;1712974891514007978;ibnu_Abdullahs;https://twitter.com/ibnu_Abdullahs/status/1712974894055801240
Fri Oct 13 23:33:34 +0000 2023;1712974891514007978;"Halu nya sang Zionis  Para prajurit  Zionis membuat omong kosong dan menari di atas kendaraan warga Palestina yang di dalamnya terdapat dua pemuda tidak bersenjata asal kota Qabatiya, selatan Jenin, yang disyahidkan oleh pasukan Zionis di pos pemeriksaan Al-Jalama, utara https://t.co/T2jlO9WqPB";0;1;8;15;in;59822361;1712974891514007978;ibnu_Abdullahs;https://twitter.com/ibnu_Abdullahs/status/1712974891514007978
Fri Oct 13 23:33:25 +0000 2023;1712974856193810776;"Solidaritas Muslimin Jakarta  Bebaskan Palestina dari Penjajahan Zionis Yahudi  #SolidarityForPalestine #MuslimPower #SolidarityFromJakarta #IndonesiaStandWithPalestine  #israeltherealteroris  #IsraelTheInvaders https://t.co/DKbzMvg0an";0;0;0;0;in;3200045035;1712974856193810776;HudanHadyan;https://twitter.com/HudanHadyan/status/1712974856193810776
Fri Oct 13 23:33:22 +0000 2023;1712974842205708446;"Pemerintah Indonesia tegaskan sikap tetap mendukung kemerdekaan Palestina. Presiden Jokowi ungkapkan, proses rekonsiliasi perlu terus didorong dan Indonesia siap fasilitasi rekonsiliasi faksiÂ² yang ada di Palestina  PAMALI DUSUN POCONG Arhan Gaza Gibran Daddies Pasumi UIN Jambi https://t.co/5PeAhsrLFA";4;4;9;16;in;1322908062059962369;1712974842205708446;coema_coemi;https://twitter.com/coema_coemi/status/1712974842205708446
Fri Oct 13 23:32:50 +0000 2023;1712974707560272151;"@saidiman @silencedisturb Janga menutupi fakta kekejaman zionis israel pada rakyat Palestina, zionis israel itu penjajah kejam kau mau memutar balikan fakta apa kau memang pembela zionis ???";0;2;0;1;in;1356645411394445312;1712650219341713518;MiderNuswantoro;https://twitter.com/MiderNuswantoro/status/1712974707560272151
Fri Oct 13 23:32:35 +0000 2023;1712974646625354008;"@muchlis_ar Yang nyinyirin Hamas san dan Palestina kemungkinan keturunan "londo ireng" dizaman penjajahan Belanda. DNA penghianat masih mengalir dlm darahnya...";0;1;0;4;in;1546500794643451904;1712950168650445121;S10644881S;https://twitter.com/S10644881S/status/1712974646625354008
Fri Oct 13 23:32:21 +0000 2023;1712974584226648127;"@CNNIndonesia Ya Allah mau pindah kemana Palestina jahat banget semoga Allah yg bantuğŸ˜­ğŸ˜­ğŸ¤²";0;1;0;4;in;1254543810471723008;1712696681534529974;Rain_shefaa;https://twitter.com/Rain_shefaa/status/1712974584226648127
Fri Oct 13 23:32:18 +0000 2023;1712974575548707184;"Kubuâ€¼ï¸ "Hamas adalah kelompok militan... Hamas bukanlah pemerintah Palestina"  - Husam Zomlot dubes Palestina untuk Inggris/penasehat Presiden Abbas -   Masyarakat internasional mensejajarkan hamas selevel teroris isis... Onok yang menyebut hamas jelmaan iblis. https://t.co/vyGL4t9cy8";2;25;28;98;in;1265895268936904709;1712974575548707184;_MbakSri_;https://twitter.com/_MbakSri_/status/1712974575548707184
Fri Oct 13 23:32:16 +0000 2023;1712974566233084228;"@Abdillahonim Alhamdulillah.... Pikiran saya selalu tertuju k palestina saat ini";0;0;0;0;in;1511880703490727947;1712700991106056668;4rif3rif;https://twitter.com/4rif3rif/status/1712974566233084228
Fri Oct 13 23:32:13 +0000 2023;1712974553469903340;"13 Oktober 2023, seorang pemukim Yahudi menembak mati seorang pria Palestina di Tepi Barat, sementara seorang tentara Israel yang berdiri di dekatnya tidak melakukan apa-apa. Dan Dunia masih bertanya mengapa orang Palestina marah!? https://t.co/9Rad44dbRN";0;0;0;4;in;1297159428970430464;1712974553469903340;jonggi_p;https://twitter.com/jonggi_p/status/1712974553469903340
Fri Oct 13 23:32:02 +0000 2023;1712974507978424413;"@ekowboy2 Kali ini gw satu pemikiran dg Haikal. Israel emang biadab dari dlu bunuhi rakyat sipil Palestina. TPI ke biadaban mrk itu tdk ada yg dibilang teroris. TPI ya sebetulnya Hamas jgn serang warga sipil yg TK bersalah juga dong.Kalau mau fokus serang meliternya, bila perlu si Benyamin";0;0;0;1;in;1705119820600279040;1712763228156297303;AkunR42038;https://twitter.com/AkunR42038/status/1712974507978424413
Fri Oct 13 23:31:55 +0000 2023;1712974478723199279;"@SoftWarNews Ga usah lu provokatorin yg perang mrk ,bodo amat dia mau rasis di negara mrk,yg penting ga kaya elu jd provokator di negara yg tenang indoneisa ini,gig sana kamu ke Palestina";0;0;0;0;in;1629050677795368960;1712612614763880545;SeriDianawati;https://twitter.com/SeriDianawati/status/1712974478723199279
Fri Oct 13 23:31:53 +0000 2023;1712974468409442360;"@yudibastos @ahmdfziiiii hhahhhh elah udah 700 dead bodies mau 2 state. gaza tinggal kenangan palestina cuman ada di west bank ğŸ˜Š";0;1;0;0;in;1604402609946624001;1712707747689726089;IyesTines;https://twitter.com/IyesTines/status/1712974468409442360
Fri Oct 13 23:31:34 +0000 2023;1712974389019636190;"Jokowi respons tersangka mantan Mentan Syahrul Yasin Limpo (SYL) dan ada WNI yang masuk ke Israel-Palestina menjadi berita terpopuler atau top 5 news. https://t.co/xkde9YMRzQ";0;1;0;2;in;154102750;1712974389019636190;Beritasatu;https://twitter.com/Beritasatu/status/1712974389019636190
Fri Oct 13 23:31:34 +0000 2023;1712974388524617828;"@gerehpetekk @AzzamIzzulhaq SIAPA BILANG NEGARA ISLAM BISA BERSATU??. SAMPAI DETIK INI, MESIR TIDAK MEMBUKA PERBATASAN UNTUK PENGUNGSI PALESTINA... BOLEH CEK FAKTA.. GW BUKAN BICARA ASUMSI..TAPI BICARA FAKTA N DATA..";0;1;0;0;in;891883949571457024;1712931523534741683;M17522147;https://twitter.com/M17522147/status/1712974388524617828
Fri Oct 13 23:31:33 +0000 2023;1712974383541788684;"@lamegogosa @Jennifer_bogota @dina_sulaeman Lw bisa yakin dari mana yahudi eropa itu berasal dari Palestina dahulunya????  Sama halnya Org kristen Indonesia bisa claim klw tanah leluhur mereka dari Palestina juga? Karena yesus lahir di Palestina   Org Hindu bisa claim India itu tanah leluhur mereka.  Kamu itu bodoh dan sok";0;2;0;0;in;186358875;1711506474814632217;Aryolejandro;https://twitter.com/Aryolejandro/status/1712974383541788684
Fri Oct 13 23:31:22 +0000 2023;1712974338385940659;"@Marchfoward Kita dari Indonesia juga mendoakan yang terbaik untuk warga gaza palestina";0;0;0;0;in;1534907323407208448;1712891284028117141;cccvp9097;https://twitter.com/cccvp9097/status/1712974338385940659
Fri Oct 13 23:30:34 +0000 2023;1712974138716135787;"Anak keturunan zionis setiap hari mengutuk kekejaman nazi kepada mereka...namun apa yang mereka lakukan kepada rakyat Palestina hari ini jauh lebih kejam daripada nazi...  #FreePalestine ğŸ‡µğŸ‡¸";0;1;11;12;in;740585585677459456;1712974138716135787;zialogi;https://twitter.com/zialogi/status/1712974138716135787
Fri Oct 13 23:30:29 +0000 2023;1712974118017175554;"Kemenag Imbau Salat Ghaib untuk Korban Konflik Israel-Palestina https://t.co/1uSIFvRMsL";0;0;0;0;in;1611693874933792768;1712974118017175554;detikHikmah;https://twitter.com/detikHikmah/status/1712974118017175554
Fri Oct 13 23:30:10 +0000 2023;1712974038229029358;"Maafkan aku teman2 yg follow I just cant stop talk about Palestina  Kita harus terus suarakan #PrayForPalestine #PrayForGaza   Kita jadi saksi pembantaian didepan mata kita sekarang  Aku hanya bisa berdoa dari sini dan meneruskan suara dari mereka yang mungkin tak bisa bersuara";0;1;0;0;in;405279716;1712974038229029358;ArezReja;https://twitter.com/ArezReja/status/1712974038229029358
Fri Oct 13 23:30:00 +0000 2023;1712973995245465701;"'Israel dan Upaya Penghancuran Palestina Via Para Buzzer' https://t.co/9tYwiElNix";1;0;10;9;in;1243804423001763841;1712973995245465701;democrazymedia;https://twitter.com/democrazymedia/status/1712973995245465701
Fri Oct 13 23:29:57 +0000 2023;1712973984021811252;"@Tita83079013 Mereka bukan perang agama neng cantik. Di palestina Islam &amp  Kristen bersatu membela tanah air nya https://t.co/lyarpgKnSq";0;0;0;0;in;1603600482215133186;1712791031048229308;panjol_03;https://twitter.com/panjol_03/status/1712973984021811252
Fri Oct 13 23:29:57 +0000 2023;1712973982360875235;"Sebagian dari narasi yg pernah kutulis &amp  dibacakan Christine Hakim + Suryopratomo (Dubes RI di Singapura), di "Malam Berbagi untuk Palestina" - MetroTV, 28/7/19. Dana yg terkumpul saat itu utk bantu pembangunan rumah sakit Indonesia di Gaza &amp  kabarnya ikut hancur bbrp hari lalu. https://t.co/ysAUKYOrx5";1;9;38;109;in;405822983;1712973982360875235;maman1965;https://twitter.com/maman1965/status/1712973982360875235
Fri Oct 13 23:29:45 +0000 2023;1712973933274947770;"@saidiman Israel Palestina hanya bisa dihentikan oleh waktu";0;0;0;0;in;121137802;1712650219341713518;ripduro;https://twitter.com/ripduro/status/1712973933274947770
Fri Oct 13 23:29:39 +0000 2023;1712973905684803663;"@AzzamIzzulhaq Palestina tu juga masok air, listrik ke gaza ngk sih? Apa ngk bisa?";0;0;0;0;in;1589809424461598720;1712921442587918752;husnul301;https://twitter.com/husnul301/status/1712973905684803663
Fri Oct 13 23:29:29 +0000 2023;1712973866178601044;"@NURULZUBAIDAH21 Kaum pekok sok tau asal bacot ttg perjuangan Rakyat Palestina Pdhal Negara kita jelas &amp  tegas banget menolak adanya Istael sebagai Negara";0;0;0;1;in;1041925811723362305;1712895272911884742;ChHuda5;https://twitter.com/ChHuda5/status/1712973866178601044
Fri Oct 13 23:29:29 +0000 2023;1712973865830547474;"@OLaksito @dina_sulaeman Hahaha kocak bukan Yasser Arafat aja yang ditentang Yitzhak Rabin pun dibunuh sama orang Israel karena mrka melihat Yitzhak Rabin lunak ke kemerdekaan Palestina. Tulisan sampahmu menggambar seakan orang Palestina menolak kemerdekaan dan perdamaian";0;1;0;0;in;3644829072;1712778982100500867;siddiqfmuh;https://twitter.com/siddiqfmuh/status/1712973865830547474
Fri Oct 13 23:29:06 +0000 2023;1712973766689776098;"@NenkMonica Dia penebar hoax kelak akan dapat siksa dr Allah karna dg berita pemenggalan itu banyak orang palestina terbunuh";0;0;0;0;in;888208727169417216;1712697850235376073;AntonPr12594871;https://twitter.com/AntonPr12594871/status/1712973766689776098
Fri Oct 13 23:28:52 +0000 2023;1712973709945024562;"@awank2017 Yang nyinyirin Hamas serta Palestina kemungkinan keturunan "londo ireng" di zaman Belanda. Hingga DNA penghianat negara masih mengalir dalam darahnya...";0;0;0;0;in;1546500794643451904;1712735697013276677;S10644881S;https://twitter.com/S10644881S/status/1712973709945024562
Fri Oct 13 23:28:34 +0000 2023;1712973634632057089;"yang telah mengumpulkan banyak simpati dari orang-orang. Kemudian, ketika diketahui bahwa perempuan dan anak-anak yang tidak bersalah itu sebenarnya adalah warga Palestina, tidak ada tingkat simpati yang sama yang dapat ditemukan di media untuk mereka.  Berbicara mengenai hal ini";0;1;0;0;in;99316586;1712971746557694274;ilbasugih;https://twitter.com/ilbasugih/status/1712973634632057089
Fri Oct 13 23:28:33 +0000 2023;1712973631817679354;"Gw beneran benci sekali sama Noah Opinion, Gak ada kali dia RT atau Opini tentang Innocent Civilian di Palestina. Zionis Sampah.";0;0;0;1;in;813593511744282624;1712973631817679354;GuiliAnemoBoy;https://twitter.com/GuiliAnemoBoy/status/1712973631817679354
Fri Oct 13 23:28:12 +0000 2023;1712973541870891257;"tindakan keras terhadap Palestina sambil "mengesampingkan prinsip-prinsip keadilan."  Yang Mulia menyoroti standar ganda dalam konflik ini dengan menyebutkan bagaimana ada laporan tentang video dan gambar yang menunjukkan wanita dan anak-anak Israel yang tidak bersalah disakiti";0;1;0;0;in;99316586;1712971746557694274;ilbasugih;https://twitter.com/ilbasugih/status/1712973541870891257
Fri Oct 13 23:27:52 +0000 2023;1712973456961409080;"tindakan apa pun terhadap Palestina, Yang Mulia menyebutkan bahwa ada berita bahwa angkatan bersenjata dari beberapa negara dari seluruh dunia sedang bersiap untuk datang ke wilayah tersebut untuk melawan Palestina dan negara-negara besar di Barat juga sedang mempersiapkan";0;1;0;0;in;99316586;1712971746557694274;ilbasugih;https://twitter.com/ilbasugih/status/1712973456961409080
Fri Oct 13 23:27:37 +0000 2023;1712973396647301286;"@SammiSoh Sbelimnya Banyak warga palestina yg kerja dan cari makan di israel sbelum teroris hamas merusak persaudaraan ini";0;0;0;2;in;785101899439538176;1712902449651241252;lambert_kota;https://twitter.com/lambert_kota/status/1712973396647301286
Fri Oct 13 23:27:32 +0000 2023;1712973373834453178;"mengesampingkan perilaku tidak jujur dan menegakkan keadilan mutlak, terlepas dari kepentingan mereka. Jika, kata Yang Mulia, mereka melakukan hal itu, situasi di Palestina dan Israel tidak akan mencapai tahap kritis ini.  Berbicara tentang bagaimana penekanan untuk mengambil";0;1;0;0;in;99316586;1712971746557694274;ilbasugih;https://twitter.com/ilbasugih/status/1712973373834453178
Fri Oct 13 23:27:31 +0000 2023;1712973371254976931;"Dengan generasi Palestina penerus seperti ini, Israel tinggal menunggu waktu kehancuran saja.  Ini hasil Revolusi Mental yg bener.";0;0;0;0;in;150537701;1712973371254976931;AdhiPrYo;https://twitter.com/AdhiPrYo/status/1712973371254976931
Fri Oct 13 23:27:24 +0000 2023;1712973341106282587;"@dina_sulaeman Koq anda mrh, anda jg tdk benar dgn bela Hamas blh tp jgn Goblok.  Ata tujn HAMAS utk hilangkan Isreal dr peta dunia.  Dan anda jg buta emang israel itu berasal dari tegal???  Sy mau tanya  palestina asli dimana? Hrsnya ini kt gerakkan utk. Duduk dimeja perundingan adalah solusi.";0;0;0;0;in;1259397117631578117;1712688357346836564;PatenSiahaan;https://twitter.com/PatenSiahaan/status/1712973341106282587
Fri Oct 13 23:26:20 +0000 2023;1712973071102153129;"Noah Opinion tidak peduli kalau Israel bunuh orang Palestina nggak bersalah.";0;0;0;1;in;813593511744282624;1712973071102153129;GuiliAnemoBoy;https://twitter.com/GuiliAnemoBoy/status/1712973071102153129
Fri Oct 13 23:26:11 +0000 2023;1712973035270193650;"bahwa hal itu salah, dan alih-alih mengambil sikap yang lebih kuat, PBB hanya membuat permintaan."  Yang Mulia kembali mengingatkan fakta bahwa anak-anak tak berdosa yang mati di kedua belah pihak adalah hal yang salah dan dunia tidak boleh lupa bahwa anak-anak Palestina juga";0;1;0;0;in;99316586;1712971746557694274;ilbasugih;https://twitter.com/ilbasugih/status/1712973035270193650
Fri Oct 13 23:26:07 +0000 2023;1712973016030982287;"Heba Zagout, seniman lukis Palestina, dibunuh Zionis td malam, melalui serangan bom.  Ia gugur bersama anak-anaknya ğŸ’”  From @wafaabdelrahman  #IsraelTerrorists https://t.co/7MeAyGyoBq";2;6;24;75;in;1490536743137087490;1712973016030982287;dina_sulaeman;https://twitter.com/dina_sulaeman/status/1712973016030982287
Fri Oct 13 23:25:54 +0000 2023;1712972963153391930;"FILISTIN BEDA DENGAN PALESTINA BERDASARKAN CATATAN ARKEOLOG SECARA ADAT DAN BUDAYA JUGA BEDA.JADI JANGAN COCOKLOGI.. JAUH DI ZAMAN MUSA (4500 BC - 4000 BC)..SETELAH BANGSA ISRAEL TERBEBAS DARI MESIR,ISRAEL SUDAH MENGUASAI KANAAN..DAN SAAT ITU BELUM ADA FILISTIN APALAGI PALESTINA";0;1;0;0;in;891883949571457024;1712972963153391930;M17522147;https://twitter.com/M17522147/status/1712972963153391930
Fri Oct 13 23:25:48 +0000 2023;1712972938981625905;"@m_nurfatoni @cordova_media @desita5769 Sejauh ini saya melihat Fraksi #PKS selal gencar menyuarakan tentang Palestina https://t.co/NVbg9KSpTK";0;0;0;4;in;1705502304353558528;1712801624346046475;keysi1010097171;https://twitter.com/keysi1010097171/status/1712972938981625905
Fri Oct 13 23:25:41 +0000 2023;1712972906840617103;"@NurSyahbana9 Rasa kemanusiaan yg indah, jalan terbaik hanya butuh teroris hamas menyerah, dijamin tidak ada oebderitaan di palestina";0;1;0;0;in;785101899439538176;1712912693026607421;lambert_kota;https://twitter.com/lambert_kota/status/1712972906840617103
Fri Oct 13 23:25:13 +0000 2023;1712972789362381015;"Syaikh Utsman bin Muhammad Al-Khamis, ulama ahlus Sunnah dari Kuwait, tak mampu menahan air mata: mengajak seluruh muslim mendoakan dan membantu #Palestina. "kami bersamamu wahai pejuang dan warga #Palestina." https://t.co/aDoD5jJ3xK";7;2;544;1189;in;65991060;1712972789362381015;hidcom;https://twitter.com/hidcom/status/1712972789362381015
Fri Oct 13 23:25:06 +0000 2023;1712972761092743431;"@Susiloh @JulianiMadinah Semoga rusia dan sekutunya ikut membantu Palestina... Minimal agar mencegah tidak ada negara lain yg ikut campur mendukung Isreal terrorist";0;0;0;0;in;886814468788715524;1712746531567047149;bantogunawan;https://twitter.com/bantogunawan/status/1712972761092743431
Fri Oct 13 23:24:33 +0000 2023;1712972623406387237;"@SeriDianawati Lha tp mmg.dl bangsa Palestina mmg memilih jalan konfrontasi dg israel. Pemerintahan yg mempertahankan jalur diplomasi/damai(Yaser Arafat) mlh ga disukai dan digulingkan";0;3;1;5;in;112049860;1712971965823320454;syahirularif;https://twitter.com/syahirularif/status/1712972623406387237
Fri Oct 13 23:24:25 +0000 2023;1712972587914178979;"Doakan saudara kita di Palestina, Ust Adi Hidayat (UAH) dgn terisak mengatakan:  Klo kita tdk bisa kesana memberi bantuan setidaknya kita mengirimkan doa, spy kita tdk ditanya diakhirat "Apa yg kamu lakukan buat sdr kita di Palestina"   Duuh gak kuat dengarnya. ğŸ˜­ğŸ˜­ğŸ¤² https://t.co/kmV7wynbSz";2;3;75;205;in;852327811;1712972587914178979;rahmaniarbaftim;https://twitter.com/rahmaniarbaftim/status/1712972587914178979
Fri Oct 13 23:24:22 +0000 2023;1712972575297724885;"@Tita83079013 Ada ada aja ini lagi kirim jin ke palestina kayak nya ğŸ˜…ğŸ˜…ğŸ˜…";0;0;0;1;in;1313648393621663744;1712669809480192406;DanielW53256126;https://twitter.com/DanielW53256126/status/1712972575297724885
Fri Oct 13 23:23:16 +0000 2023;1712972298226180173;"@aki_jupi2 @DeHoutman_id Inikan yahudi palestina yg pake kacamata. Jd wajarlah dia ngomong begitu";0;0;0;0;in;1679738178973089792;1712122348604977428;erwin_sagala123;https://twitter.com/erwin_sagala123/status/1712972298226180173
Fri Oct 13 23:23:12 +0000 2023;1712972282862444657;"@MelodiAsyik @LuckyBos4 Konteks ceramah disana apa bro?, soal palestina n israel tho?, mufti menk aj pernah bukber bareng sm rabbi yahudi ğŸ˜‚ğŸ˜‚ğŸ˜‚";0;1;0;0;in;938916131217084416;1712718618650386557;SlevinSojiro;https://twitter.com/SlevinSojiro/status/1712972282862444657
Fri Oct 13 23:23:09 +0000 2023;1712972272804524407;"@saidiman Celakanya politikus2 serakah selalu mengatasnamakan agama dg membela palestina secara membabibuta sehingga masyarakat NKRI yg kurang literasinya terpengaruh. Lebih celaka lagi dibiarkan dan didiamkan oleh pemerintah yg terkesan membenarkan pernyataan politikus2 serakah tsb.";0;2;3;35;in;147385241;1712650219341713518;FerryNLangelo;https://twitter.com/FerryNLangelo/status/1712972272804524407
Fri Oct 13 23:22:46 +0000 2023;1712972173521101224;"@muchlis_ar Jgnlupakan sejarah.. siapa yg jajah daerah yg sdh ditetapkan PBB, knapa PanArab merusak kedamaian berperang mlawan israel shg palestina makin kecil ??  https://t.co/DKAKxDZUse";0;0;0;0;in;750113649365094400;1712698295817240656;kotabahagia;https://twitter.com/kotabahagia/status/1712972173521101224
Fri Oct 13 23:22:40 +0000 2023;1712972147407430058;"@cordova_media @YaniYusra185286 Bukan kegagalan barat,tapi memang kehendak barat yg merestui penjajahan terhadap rakyat palestina.";0;0;0;1;in;1685283160869961730;1712801624346046475;biin_hiday3021;https://twitter.com/biin_hiday3021/status/1712972147407430058
Fri Oct 13 23:22:37 +0000 2023;1712972135713693856;"Prabowo Tegaskan Dukung Palestina Sampai Merdeka https://t.co/aqFTPZMwdO";15;69;39;193;in;47596019;1712972135713693856;liputan6dotcom;https://twitter.com/liputan6dotcom/status/1712972135713693856
Fri Oct 13 23:22:18 +0000 2023;1712972055908692213;"@Hilmi28 HAMAS teroris itu kata Arab Saudi. dan ulah jahat HAMAS telah menghancurkan harapan kemerdekaan Palestina yg diperjuangkan oleh FATAH dan warga sipil... HAMAS adalah teroris pengecut yg setelah menyerang Israel lalu jadikan warga sipil sbg tameng HAMAS ketika diserang balik";0;0;0;1;in;1327381277943554048;1712666694123167765;nadamiring;https://twitter.com/nadamiring/status/1712972055908692213
Fri Oct 13 23:22:01 +0000 2023;1712971987377865117;"Ribuan warga Lebanon berduyun-duyun ke perbatasan Palestina untuk melawan IsraHellâ¤ï¸ https://t.co/eWxDnDq9eV";1;1;8;26;in;1422120794923040770;1712971987377865117;brother_djon;https://twitter.com/brother_djon/status/1712971987377865117
Fri Oct 13 23:21:58 +0000 2023;1712971974518227017;"di luar kendali.  Berbicara dalam Khotbah Jumat di Masjid Mubarak di Islamabad, Tilford, pada 13 Oktober 2023, Yang Mulia mendesak dunia Muslim untuk mengesampingkan perbedaan mereka untuk menyuarakan suara bagi orang-orang Palestina yang tidak bersalah yang tidak memiliki";0;1;0;0;in;99316586;1712971746557694274;ilbasugih;https://twitter.com/ilbasugih/status/1712971974518227017
Fri Oct 13 23:21:56 +0000 2023;1712971965823320454;"Dinegaranya sana rakyat Palestina protes ke hamas,di Indonesia barisan kadrun mau bikin rusuh belain Hamas ,kan iblis bgt mrk https://t.co/941g4yIgCt";0;2;0;5;in;1629050677795368960;1712971965823320454;SeriDianawati;https://twitter.com/SeriDianawati/status/1712971965823320454
Fri Oct 13 23:21:56 +0000 2023;1712971962593763740;"@mazzini_gsp Apaan sih orang utan di Indonesia  yang mereka lebih pentingkan kan palestina. Palestina dihati, Indonesia ngak penting...";0;1;0;0;in;90397637;1712806414127894686;Ronaldchristy;https://twitter.com/Ronaldchristy/status/1712971962593763740
Fri Oct 13 23:21:12 +0000 2023;1712971781978615954;"@M17522147 @AzzamIzzulhaq mereka ini Iri Dengki, knpa islam itu bisa bersatu klo untuk masalah palestina, karena islam mengajarkan ukhuwah islamiyah, coba di agama u bisa gak ngumpulin solidaritas buat ARMENIA??? ehhh jngn2 mereka itu gak tau ARMENIA, bukan AREMA lho yağŸ¤£ğŸ¤£";0;2;0;0;in;3024095569;1712931523534741683;gerehpetekk;https://twitter.com/gerehpetekk/status/1712971781978615954
Fri Oct 13 23:21:07 +0000 2023;1712971759442628819;"Inilah fakta kebengisan Israel pada masyarakat Palestina.  Israel mengultimatum mereka untuk meninggalkan rumah mereka dan memberi mereka jaminan keamanan untuk pergi,  Tetapi segera setelah mereka meninggalkan rumah mereka, Israel mengebom mereka secara massal dengan pesawatâ€¦ https://t.co/o4s5h9OTNs";1;0;1;5;in;158007705;1712971759442628819;wdtu;https://twitter.com/wdtu/status/1712971759442628819
Fri Oct 13 23:21:04 +0000 2023;1712971746557694274;"Pemimpin Muslim Global Serukan De-Eskalasi Perang Palestina-Israel  "Jika umat Islam bersatu dan bersatu, mereka akan memiliki suara yang kuat dan berdampak." - Hazrat Mirza Masroor Ahmad ATBA";0;1;0;1;in;99316586;1712971746557694274;ilbasugih;https://twitter.com/ilbasugih/status/1712971746557694274
Fri Oct 13 23:20:52 +0000 2023;1712971697434038286;"@QianzyZ Salah woi slah ...suka ngaku2 ....HAMAS itu TERORIS  yg jdi korban rakyat PALESTINA";0;0;0;0;in;1580291944324141056;1711904891009142960;lahedom99;https://twitter.com/lahedom99/status/1712971697434038286
Fri Oct 13 23:20:52 +0000 2023;1712971696922317178;"Mau ngapain??? Nyuruh rakyat Palestina pindah??? Lu sama aja kayak kasus disebuah pulau di negeri wakandi nyet. #GoToHellBiden";0;0;0;1;in;1084569967394095104;1712971696922317178;_bangagoengDuA;https://twitter.com/_bangagoengDuA/status/1712971696922317178
Fri Oct 13 23:20:05 +0000 2023;1712971498418549212;"@muchlis_ar Dan parahnya, masih banyak orang2 yg mendukung aksi hamas, padahal andai hamas dilenyapkan mgkin penduduk palestina akan hidup damai";0;1;0;0;in;4758766038;1712698295817240656;junregar30;https://twitter.com/junregar30/status/1712971498418549212
Fri Oct 13 23:20:04 +0000 2023;1712971496744989127;"@AlfredoDeBocori Ngumpul donasi seperti kapal  selam dulu. Gk sampai ke rakyat Palestina ğŸ˜‚";0;0;0;1;in;198620364;1712969901533786368;BlueSky217;https://twitter.com/BlueSky217/status/1712971496744989127
Fri Oct 13 23:19:28 +0000 2023;1712971342117781692;"@ekowboy2 Berbeda boleh tapi kalo urusan palestina jangan seperti orang goblok lah bela zionis";0;0;0;2;in;3311914735;1712763228156297303;SyuhandiD;https://twitter.com/SyuhandiD/status/1712971342117781692
Fri Oct 13 23:19:06 +0000 2023;1712971250795008235;"@Budygh82 @ekowboy2 Wkwk ga liat PD dunia kmrn diboikot gara2 ada israel jdi dah jelas dari awal Indonesia dukung palestina.";0;0;0;0;in;108901465;1712763228156297303;XyaVicks;https://twitter.com/XyaVicks/status/1712971250795008235
Fri Oct 13 23:19:00 +0000 2023;1712971225885241573;"@HusinShihab ini anjing2 bacot gede, disuruh brangkat ke palestina paling berak aja isi mulutnya";0;0;0;0;in;1704635156408274945;1712778582471454772;BatubaraNi51671;https://twitter.com/BatubaraNi51671/status/1712971225885241573
Fri Oct 13 23:18:49 +0000 2023;1712971181199085650;"@RandomWorldWar agak aneh emg, kesan nya serangan hamas ini jd alasan buat israel membumi hanguskan palestina, pdhl hamas udh jelas tau ga bakal menang.. bkn pro israel, tp tiap israel mau nge bom, pst penduduk sipil udh dikasih warning untuk evakuasi dulu, tp hamas mlh nyuruh tetap bertahan";0;1;0;1;in;983683388207841281;1712711345135878499;JonezJr_47;https://twitter.com/JonezJr_47/status/1712971181199085650
